{
  "datas": [
    {
      "name": "Nawin",
      "username": "nawinsr644@gmail.com",
      "password": "123456789",
      "id": "bab2"
    },
    {
      "id": "04c1",
      "name": "Jose",
      "username": "jose@gmail.com",
      "password": "1235"
    },
    {
      "id": "441a",
      "name": "Nawin",
      "username": "nawinsr@gmail.com",
      "password": "123"
    },
    {
      "id": "398c",
      "name": "bharath",
      "username": "bharath12@gmail.com",
      "password": "123"
    }
  ],
  "Drivers": [
    {
      "id": "1",
      "name": "Nawin",
      "experience": "14"
    },
    {
      "id": "3",
      "name": "nandha",
      "experience": "5"
    }
  ]
}